mean_fit_time,std_fit_time,mean_score_time,std_score_time,param_model__max_depth,param_model__min_samples_leaf,param_model__min_samples_split,param_model__n_estimators,params,split0_test_score,split1_test_score,split2_test_score,split3_test_score,split4_test_score,mean_test_score,std_test_score,rank_test_score
205.60762691497803,1.9775031286517113,5.286919450759887,0.09222714747493721,10,1,2,100,"{'model__max_depth': 10, 'model__min_samples_leaf': 1, 'model__min_samples_split': 2, 'model__n_estimators': 100}",0.393056835221814,0.3932003008551547,0.39139025478970874,0.39392162478605525,0.39346474554327765,0.3930067522392021,0.0008602073028830475,69
443.71185636520386,4.604465041652523,9.326089429855347,0.40818026914383926,10,1,2,200,"{'model__max_depth': 10, 'model__min_samples_leaf': 1, 'model__min_samples_split': 2, 'model__n_estimators': 200}",0.39373178975543316,0.3936675620415384,0.39224023350818255,0.39426880401042097,0.3939107048695429,0.39356381883702357,0.0006940012995527782,50
688.5302584648132,5.571485504388126,13.720163917541504,0.3768772304070921,10,1,2,300,"{'model__max_depth': 10, 'model__min_samples_leaf': 1, 'model__min_samples_split': 2, 'model__n_estimators': 300}",0.39387046017174826,0.3937383369186123,0.3919826155875776,0.3941755831156936,0.39425027397875184,0.3936034539544767,0.0008321430966613812,46
206.21324129104613,4.419343026393698,5.198627233505249,0.43674415185528936,10,1,5,100,"{'model__max_depth': 10, 'model__min_samples_leaf': 1, 'model__min_samples_split': 5, 'model__n_estimators': 100}",0.393455316016831,0.39370386541911434,0.3922870857310121,0.3951804030074821,0.39471303693977083,0.3938679414228421,0.0010132153989123045,43
446.593011713028,3.7611927299294705,9.630034589767456,0.4176709426412552,10,1,5,200,"{'model__max_depth': 10, 'model__min_samples_leaf': 1, 'model__min_samples_split': 5, 'model__n_estimators': 200}",0.3930344506003916,0.3935415183555726,0.3920900756075065,0.3946358906540217,0.394242529137702,0.3935088928710389,0.0008997275690259909,54
689.6527282714844,3.2987200347814056,13.244525003433228,0.38084025258252713,10,1,5,300,"{'model__max_depth': 10, 'model__min_samples_leaf': 1, 'model__min_samples_split': 5, 'model__n_estimators': 300}",0.39316532812271077,0.3938652902801209,0.3924067017273392,0.3942506349608737,0.3942673752704671,0.3935910660723023,0.0007143662743704589,49
230.30350947380066,18.39998201346942,5.265031480789185,0.16003027585196128,10,1,10,100,"{'model__max_depth': 10, 'model__min_samples_leaf': 1, 'model__min_samples_split': 10, 'model__n_estimators': 100}",0.3936988200349998,0.3939599129912654,0.39151847713101356,0.39383309679791784,0.3928535788021182,0.3931727771514629,0.0009133369723162273,68
488.77010159492494,2.501014221884236,9.875600814819336,1.2975563275837925,10,1,10,200,"{'model__max_depth': 10, 'model__min_samples_leaf': 1, 'model__min_samples_split': 10, 'model__n_estimators': 200}",0.3932179053949348,0.39411847575017545,0.3920333991049503,0.394066496589531,0.3935394538544415,0.3933951461388066,0.0007590139836218286,66
732.7031590461731,4.540207449713974,13.922792100906372,0.6453020295025124,10,1,10,300,"{'model__max_depth': 10, 'model__min_samples_leaf': 1, 'model__min_samples_split': 10, 'model__n_estimators': 300}",0.3932145317394872,0.39416271502840744,0.3919224005729041,0.39385354027432085,0.39425850659909806,0.39348233884284356,0.0008611929740879397,59
252.6612597465515,1.9052929418500766,5.964984560012818,1.365620902314567,10,2,2,100,"{'model__max_depth': 10, 'model__min_samples_leaf': 2, 'model__min_samples_split': 2, 'model__n_estimators': 100}",0.39348837107203116,0.39478625259804145,0.3914441971914999,0.39461709502485026,0.3949632750071923,0.393859838178723,0.0013132070386847805,44
492.99560322761533,4.264869422793348,9.110513305664062,0.5108034907283321,10,2,2,200,"{'model__max_depth': 10, 'model__min_samples_leaf': 2, 'model__min_samples_split': 2, 'model__n_estimators': 200}",0.39293430711038346,0.39432786504510214,0.3920273851567897,0.39391571299746736,0.3942298225771211,0.3934870185773727,0.0008807473143166319,58
736.666713142395,5.022343018596764,14.27770962715149,0.2863370441664842,10,2,2,300,"{'model__max_depth': 10, 'model__min_samples_leaf': 2, 'model__min_samples_split': 2, 'model__n_estimators': 300}",0.39328022556001146,0.39399475832693315,0.39218076691389214,0.393795972001546,0.3940706674274468,0.3934644780459659,0.0006986292628253539,63
255.44848251342773,1.4991468021751424,5.129753541946411,0.2140129334922167,10,2,5,100,"{'model__max_depth': 10, 'model__min_samples_leaf': 2, 'model__min_samples_split': 5, 'model__n_estimators': 100}",0.3935513062164388,0.3937309418317585,0.3912802560429635,0.3942962547442536,0.39447778551228757,0.39346730886954046,0.0011461214829182338,60
498.550044298172,2.7828672103945187,9.43979811668396,0.4409106854648729,10,2,5,200,"{'model__max_depth': 10, 'model__min_samples_leaf': 2, 'model__min_samples_split': 5, 'model__n_estimators': 200}",0.39316405715539754,0.3936890077812969,0.3916588980506561,0.3943139844701992,0.3943001701770552,0.393425223526921,0.0009811343791195563,64
739.0651705265045,2.8405618112903337,14.064298248291015,0.4730815687839158,10,2,5,300,"{'model__max_depth': 10, 'model__min_samples_leaf': 2, 'model__min_samples_split': 5, 'model__n_estimators': 300}",0.3935278617001297,0.3940025333366621,0.3920608561894026,0.3937707520520755,0.3937532683184474,0.39342305431934343,0.0006974667393281766,65
255.72647728919983,1.9200953565846712,5.369173526763916,0.4115009607545774,10,2,10,100,"{'model__max_depth': 10, 'model__min_samples_leaf': 2, 'model__min_samples_split': 10, 'model__n_estimators': 100}",0.39313484286703604,0.39326922487767585,0.392276097683897,0.3940912526372759,0.3937582687463272,0.39330593736244246,0.0006184682139183165,67
491.0275918960571,5.722857315139789,8.982446956634522,0.2848470862148225,10,2,10,200,"{'model__max_depth': 10, 'model__min_samples_leaf': 2, 'model__min_samples_split': 10, 'model__n_estimators': 200}",0.39340406304892683,0.3939064344794625,0.39200955806886434,0.3942568419333467,0.3939680209586325,0.3935089836978466,0.0007984058905620391,53
739.1505808830261,6.027765474103519,14.202888488769531,0.5994858246858674,10,2,10,300,"{'model__max_depth': 10, 'model__min_samples_leaf': 2, 'model__min_samples_split': 10, 'model__n_estimators': 300}",0.3933567748976839,0.3939315865875928,0.3922382520983995,0.3939464471704232,0.39404016264293223,0.3935026446794063,0.0006767339159328862,57
252.7088592529297,2.2055942144570184,5.246337080001831,0.23344375526446456,10,4,2,100,"{'model__max_depth': 10, 'model__min_samples_leaf': 4, 'model__min_samples_split': 2, 'model__n_estimators': 100}",0.39370002455951286,0.3940571841803577,0.3923897659277533,0.39401114641296875,0.3938314593080945,0.3935979160777374,0.0006174596128399836,47
488.6290459156036,6.552962800087929,9.336902332305907,0.21653715115527344,10,4,2,200,"{'model__max_depth': 10, 'model__min_samples_leaf': 4, 'model__min_samples_split': 2, 'model__n_estimators': 200}",0.39333342023337087,0.39401867078749286,0.39178052105051414,0.3940717694404124,0.3941187336080885,0.3934646230239757,0.0008895920391705759,61
726.9202075004578,5.239721534823989,15.906005382537842,1.231140905059893,10,4,2,300,"{'model__max_depth': 10, 'model__min_samples_leaf': 4, 'model__min_samples_split': 2, 'model__n_estimators': 300}",0.393217793964393,0.3938459801333476,0.3923119410803931,0.3943803638751795,0.3937846663305746,0.39350814907677756,0.0007023631440905806,55
249.3506209373474,1.9062764070052507,5.274067449569702,0.33639364296842567,10,4,5,100,"{'model__max_depth': 10, 'model__min_samples_leaf': 4, 'model__min_samples_split': 5, 'model__n_estimators': 100}",0.39370002455951286,0.3940571841803577,0.3923897659277533,0.39401114641296875,0.3938314593080945,0.3935979160777374,0.0006174596128399836,47
487.9323156833649,4.12613879315902,9.385091018676757,0.38621381212491307,10,4,5,200,"{'model__max_depth': 10, 'model__min_samples_leaf': 4, 'model__min_samples_split': 5, 'model__n_estimators': 200}",0.39333342023337087,0.39401867078749286,0.39178052105051414,0.3940717694404124,0.3941187336080885,0.3934646230239757,0.0008895920391705759,61
717.4696175575257,5.983721767890586,15.55673427581787,3.1098210903624697,10,4,5,300,"{'model__max_depth': 10, 'model__min_samples_leaf': 4, 'model__min_samples_split': 5, 'model__n_estimators': 300}",0.393217793964393,0.3938459801333476,0.3923119410803931,0.3943803638751795,0.3937846663305746,0.39350814907677756,0.0007023631440905806,55
246.7774935722351,3.9553711669201115,5.246625471115112,0.2944746029227769,10,4,10,100,"{'model__max_depth': 10, 'model__min_samples_leaf': 4, 'model__min_samples_split': 10, 'model__n_estimators': 100}",0.3938037193088559,0.39414817990107576,0.39219093425986146,0.3941529182667229,0.39412330906093396,0.39368381215949,0.0007578809422746912,45
476.3398521900177,1.9502971201815378,8.991931915283203,0.9125428692781871,10,4,10,200,"{'model__max_depth': 10, 'model__min_samples_leaf': 4, 'model__min_samples_split': 10, 'model__n_estimators': 200}",0.39381918206941524,0.3939930708515309,0.39237734479859415,0.39368682342036987,0.3937075481279801,0.3935167938535781,0.0005799861735500152,52
703.7464687347413,2.6947480122793293,16.83308048248291,0.5257154709717721,10,4,10,300,"{'model__max_depth': 10, 'model__min_samples_leaf': 4, 'model__min_samples_split': 10, 'model__n_estimators': 300}",0.3937878285249181,0.39399090874570747,0.39207253413421084,0.39395595186068194,0.3939614270940644,0.3935537300719165,0.0007440252567778962,51
368.8290914535522,2.3693014696905195,15.598148679733276,0.7336366139634688,20,1,2,100,"{'model__max_depth': 20, 'model__min_samples_leaf': 1, 'model__min_samples_split': 2, 'model__n_estimators': 100}",0.43675814832684906,0.43808837048185856,0.43961515274642515,0.4374551663831439,0.4372689161046079,0.4378371508085769,0.0009856420598654307,26
704.5075399875641,4.483019082654427,89.97816953659057,17.57772150975948,20,1,2,200,"{'model__max_depth': 20, 'model__min_samples_leaf': 1, 'model__min_samples_split': 2, 'model__n_estimators': 200}",0.4374134731827373,0.4398402438754451,0.4408380988631042,0.4400411438131561,0.436887593909272,0.43900411072874296,0.0015587071555635886,25
1028.1398023605348,2.3740824149958857,171.08905625343323,6.766678773187388,20,1,2,300,"{'model__max_depth': 20, 'model__min_samples_leaf': 1, 'model__min_samples_split': 2, 'model__n_estimators': 300}",0.43917207456645224,0.43934625420984524,0.4402162596381653,0.4403478973897339,0.43750800612351187,0.4393180983855417,0.001016437831644767,24
353.9767137527466,2.5179693137832633,21.724837827682496,3.4564255922069846,20,1,5,100,"{'model__max_depth': 20, 'model__min_samples_leaf': 1, 'model__min_samples_split': 5, 'model__n_estimators': 100}",0.44114489109124905,0.4443168375290281,0.4425555350585418,0.44232197388003147,0.4413713571183777,0.44234211893544567,0.0011243841696761858,23
685.0085827827454,6.882881490350802,50.610952377319336,5.541783211948969,20,1,5,200,"{'model__max_depth': 20, 'model__min_samples_leaf': 1, 'model__min_samples_split': 5, 'model__n_estimators': 200}",0.4437104291342406,0.4440844795579273,0.44239440417924475,0.44337658536518837,0.4432407133894964,0.44336132232521946,0.0005647197754821546,22
997.5117558956147,5.806046447640175,107.8018898010254,1.9896367888788045,20,1,5,300,"{'model__max_depth': 20, 'model__min_samples_leaf': 1, 'model__min_samples_split': 5, 'model__n_estimators': 300}",0.44412631819730103,0.44518306332085605,0.4431708627771142,0.44447432182259955,0.4426466372263578,0.4439202406688457,0.0009086063918378463,21
341.61792130470275,4.637974806169199,21.639678716659546,6.173709514250172,20,1,10,100,"{'model__max_depth': 20, 'model__min_samples_leaf': 1, 'model__min_samples_split': 10, 'model__n_estimators': 100}",0.4465515681069643,0.4471628816337825,0.4474495408720824,0.4462946614183035,0.4477146577545419,0.4470346619571349,0.000535152230600273,11
652.7939306735992,0.7407273475971938,65.127126121521,6.620079894124266,20,1,10,200,"{'model__max_depth': 20, 'model__min_samples_leaf': 1, 'model__min_samples_split': 10, 'model__n_estimators': 200}",0.44884634698749076,0.44768870546335,0.44699512782196243,0.4475392583872478,0.44916133920130275,0.4480461555722707,0.0008213787793609725,4
964.2611818313599,4.959852879555138,92.06126046180725,8.20236767689928,20,1,10,300,"{'model__max_depth': 20, 'model__min_samples_leaf': 1, 'model__min_samples_split': 10, 'model__n_estimators': 300}",0.4487432785028143,0.4475384067758206,0.44736517368571443,0.4471715548027157,0.4486013444583807,0.44788395164508915,0.0006556121087662483,5
334.10135917663575,4.291515371716779,37.55248885154724,5.122717273113316,20,2,2,100,"{'model__max_depth': 20, 'model__min_samples_leaf': 2, 'model__min_samples_split': 2, 'model__n_estimators': 100}",0.4447720313956555,0.4452140443732619,0.4431677323511895,0.44351301636171875,0.44386761715601103,0.44410688832756734,0.0007694359445553313,20
647.8026929855347,2.8685446308545544,64.24705557823181,13.96393239607872,20,2,2,200,"{'model__max_depth': 20, 'model__min_samples_leaf': 2, 'model__min_samples_split': 2, 'model__n_estimators': 200}",0.4446376682062401,0.4448890319952432,0.44478745439886075,0.4452398094346118,0.4440356237809209,0.4447179175631753,0.00039457607896123084,18
983.8986535072327,12.226130556110117,116.11539807319642,28.542936635746482,20,2,2,300,"{'model__max_depth': 20, 'model__min_samples_leaf': 2, 'model__min_samples_split': 2, 'model__n_estimators': 300}",0.4447280827726196,0.4449794400110832,0.44523118873903567,0.44413275427356896,0.44435406598185395,0.44468510635563224,0.0004003413029510355,19
331.4978445529938,3.211296460676033,29.431884288787842,6.76911778728728,20,2,5,100,"{'model__max_depth': 20, 'model__min_samples_leaf': 2, 'model__min_samples_split': 5, 'model__n_estimators': 100}",0.444837332992914,0.44438422835082597,0.44527442816603663,0.44379142896504536,0.4454273671358128,0.4447429571221269,0.0005989787153836009,17
659.5869788646698,3.250096923498942,76.03648452758789,2.013899723134683,20,2,5,200,"{'model__max_depth': 20, 'model__min_samples_leaf': 2, 'model__min_samples_split': 5, 'model__n_estimators': 200}",0.44618132375551517,0.4467275551284871,0.4451369408492925,0.44614426164560284,0.44512248978490776,0.4458625142327611,0.0006329944369327185,16
991.2050861358642,4.634379798035498,110.29001007080078,7.977256614508744,20,2,5,300,"{'model__max_depth': 20, 'model__min_samples_leaf': 2, 'model__min_samples_split': 5, 'model__n_estimators': 300}",0.4468049554352202,0.4472890429075957,0.4463166029029593,0.44609703586392563,0.44534903087689565,0.4463713335973193,0.0006562858865019352,15
330.2700405597687,2.0597845917172313,17.860230684280396,2.311009887291968,20,2,10,100,"{'model__max_depth': 20, 'model__min_samples_leaf': 2, 'model__min_samples_split': 10, 'model__n_estimators': 100}",0.44632903628021064,0.4478273301055699,0.44740550125459166,0.4459155065002888,0.4457585512845035,0.4466471850850329,0.0008238965866343732,14
656.8108845710755,3.3791787404795004,68.08668355941772,1.3853125233282797,20,2,10,200,"{'model__max_depth': 20, 'model__min_samples_leaf': 2, 'model__min_samples_split': 10, 'model__n_estimators': 200}",0.4461163459520283,0.44708107919789325,0.4484122307398321,0.44733343180105023,0.4467375245285788,0.4471361224438765,0.000757527229315129,10
986.5923233985901,3.161231275865822,110.08859419822693,2.846567951960133,20,2,10,300,"{'model__max_depth': 20, 'model__min_samples_leaf': 2, 'model__min_samples_split': 10, 'model__n_estimators': 300}",0.44652314045017044,0.44756348276686886,0.4477487320682099,0.4480327066543202,0.4480121147797019,0.44757603534385426,0.0005544877533560995,8
331.8350046157837,3.491334981957525,22.127844905853273,5.26673683894915,20,4,2,100,"{'model__max_depth': 20, 'model__min_samples_leaf': 4, 'model__min_samples_split': 2, 'model__n_estimators': 100}",0.4456378975428268,0.44611680522788894,0.447885466980073,0.4467582709239843,0.4479617829772256,0.44687204473039976,0.0009296240711708295,12
661.1685530662537,1.4008730362047628,64.04078888893127,14.138424386373325,20,4,2,200,"{'model__max_depth': 20, 'model__min_samples_leaf': 4, 'model__min_samples_split': 2, 'model__n_estimators': 200}",0.4471312941542683,0.4469274785077535,0.44910035071212584,0.44667328616799473,0.44830719436191174,0.4476279207808108,0.0009249915814403164,6
988.0839368343353,5.824317532390059,155.1509428024292,21.483336945362847,20,4,2,300,"{'model__max_depth': 20, 'model__min_samples_leaf': 4, 'model__min_samples_split': 2, 'model__n_estimators': 300}",0.44806840126969005,0.4486422559551544,0.44842876395623404,0.4473547260247069,0.44867486749654656,0.4482338029404664,0.0004897990490035515,1
333.537233543396,5.10449870345965,23.204682683944704,1.8056408904180725,20,4,5,100,"{'model__max_depth': 20, 'model__min_samples_leaf': 4, 'model__min_samples_split': 5, 'model__n_estimators': 100}",0.4456378975428268,0.44611680522788894,0.447885466980073,0.4467582709239843,0.4479617829772256,0.44687204473039976,0.0009296240711708295,12
666.0958509922027,2.7075468559420264,73.61320366859437,7.233846393668642,20,4,5,200,"{'model__max_depth': 20, 'model__min_samples_leaf': 4, 'model__min_samples_split': 5, 'model__n_estimators': 200}",0.4471312941542683,0.4469274785077535,0.44910035071212584,0.44667328616799473,0.44830719436191174,0.4476279207808108,0.0009249915814403164,6
970.0218349933624,4.136248635740955,155.267120885849,20.24475399590174,20,4,5,300,"{'model__max_depth': 20, 'model__min_samples_leaf': 4, 'model__min_samples_split': 5, 'model__n_estimators': 300}",0.44806840126969005,0.4486422559551544,0.44842876395623404,0.4473547260247069,0.44867486749654656,0.4482338029404664,0.0004897990490035515,1
333.6583714008331,2.6389104014559996,20.011544227600098,2.671895698023111,20,4,10,100,"{'model__max_depth': 20, 'model__min_samples_leaf': 4, 'model__min_samples_split': 10, 'model__n_estimators': 100}",0.4471956744104643,0.4472125235931739,0.44729899877643603,0.4481332929649225,0.4478919524038781,0.44754648842977496,0.00038975352124477294,9
639.8803951740265,2.93479029020379,71.47358283996581,1.7224500119629627,20,4,10,200,"{'model__max_depth': 20, 'model__min_samples_leaf': 4, 'model__min_samples_split': 10, 'model__n_estimators': 200}",0.44898754066166785,0.4468086247747521,0.4477957456890047,0.4488503962185166,0.44854516112746373,0.44819749369428097,0.0008076740550869659,3
891.9549167633056,14.811526859705493,0.0,0.0,20,4,10,300,"{'model__max_depth': 20, 'model__min_samples_leaf': 4, 'model__min_samples_split': 10, 'model__n_estimators': 300}",,,,,,,,71
398.4468806266785,4.137488490694718,168.05755624771118,7.244174802713103,30,1,2,100,"{'model__max_depth': 30, 'model__min_samples_leaf': 1, 'model__min_samples_split': 2, 'model__n_estimators': 100}",0.35843165229641594,0.3569787752176335,0.35761583042827505,0.3593959878532543,0.35541502347614173,0.3575674538543441,0.0013470126128350063,70
659.9644728183746,92.09018470470704,13.266589593887328,16.342095876817094,30,1,2,200,"{'model__max_depth': 30, 'model__min_samples_leaf': 1, 'model__min_samples_split': 2, 'model__n_estimators': 200}",,,,,,,,71
515.0012046337127,49.545952926174905,0.0,0.0,30,1,2,300,"{'model__max_depth': 30, 'model__min_samples_leaf': 1, 'model__min_samples_split': 2, 'model__n_estimators': 300}",,,,,,,,71
334.9376622676849,34.56357072704647,17.12904233932495,21.1896079443887,30,1,5,100,"{'model__max_depth': 30, 'model__min_samples_leaf': 1, 'model__min_samples_split': 5, 'model__n_estimators': 100}",,,,,,,,71
270.2617290019989,10.650686458776798,0.0,0.0,30,1,5,200,"{'model__max_depth': 30, 'model__min_samples_leaf': 1, 'model__min_samples_split': 5, 'model__n_estimators': 200}",,,,,,,,71
192.40777359008788,41.19272323467537,0.0,0.0,30,1,5,300,"{'model__max_depth': 30, 'model__min_samples_leaf': 1, 'model__min_samples_split': 5, 'model__n_estimators': 300}",,,,,,,,71
254.3021372795105,147.4926471453801,33.76458349227905,27.649935002945107,30,1,10,100,"{'model__max_depth': 30, 'model__min_samples_leaf': 1, 'model__min_samples_split': 10, 'model__n_estimators': 100}",,,0.4192315260451454,0.4206457769496194,0.4167449171960797,,,71
715.1071733474731,16.00790608643738,84.18151984214782,42.91715555975712,30,1,10,200,"{'model__max_depth': 30, 'model__min_samples_leaf': 1, 'model__min_samples_split': 10, 'model__n_estimators': 200}",0.4153184110910743,0.41564951952720924,0.4184264736472549,0.41963010746542756,,,,71
938.0004191398621,157.85579087400313,92.01333675384521,75.23463124914007,30,1,10,300,"{'model__max_depth': 30, 'model__min_samples_leaf': 1, 'model__min_samples_split': 10, 'model__n_estimators': 300}",0.41472184149166097,0.4159366861630394,0.41771828782792286,,,,,71
390.83949704170226,2.7033785328459916,93.44199595451354,2.2566884611309064,30,2,2,100,"{'model__max_depth': 30, 'model__min_samples_leaf': 2, 'model__min_samples_split': 2, 'model__n_estimators': 100}",0.3947072660403255,0.39508581814270755,0.3944119018187568,0.40090621825411593,0.3964566176052416,0.3963135643722294,0.0024007002940285957,41
724.9701973438263,33.54810597918264,136.00340089797973,68.07381340304805,30,2,2,200,"{'model__max_depth': 30, 'model__min_samples_leaf': 2, 'model__min_samples_split': 2, 'model__n_estimators': 200}",0.39399152341788884,0.39419037155031417,0.39475690191776386,,0.3957214220758651,,,71
1027.2018466949462,136.0617040478982,239.69097037315368,120.11457912372214,30,2,2,300,"{'model__max_depth': 30, 'model__min_samples_leaf': 2, 'model__min_samples_split': 2, 'model__n_estimators': 300}",,0.39296332146092167,0.3945608786767294,0.39673730832664184,0.394108159395268,,,71
384.296200799942,9.359986778711493,78.89689211845398,3.986074276830147,30,2,5,100,"{'model__max_depth': 30, 'model__min_samples_leaf': 2, 'model__min_samples_split': 5, 'model__n_estimators': 100}",0.39872126481004216,0.39947005076028946,0.4025162707741044,0.4039609514485716,0.4001015790836567,0.4009540233753329,0.0019695827058587097,40
613.1060493946076,173.18340500611706,95.21689395904541,78.03861629325522,30,2,5,200,"{'model__max_depth': 30, 'model__min_samples_leaf': 2, 'model__min_samples_split': 5, 'model__n_estimators': 200}",0.396053930559131,0.40135778670565686,0.4017008221008173,,,,,71
727.2376804828643,328.4947024383183,117.19269132614136,143.89218112210133,30,2,5,300,"{'model__max_depth': 30, 'model__min_samples_leaf': 2, 'model__min_samples_split': 5, 'model__n_estimators': 300}",,,,0.40209248573861567,0.4004428629822054,,,71
347.08992743492126,2.5371386698828022,37.07029304504395,4.935088100171111,30,2,10,100,"{'model__max_depth': 30, 'model__min_samples_leaf': 2, 'model__min_samples_split': 10, 'model__n_estimators': 100}",0.4228997227787861,0.4236217003115142,0.42399384808931256,0.4282834790315538,0.4239657448862541,0.4245528990194841,0.0019065486021437622,38
693.0170574665069,8.282961190079359,135.4004526615143,32.38110521657564,30,2,10,200,"{'model__max_depth': 30, 'model__min_samples_leaf': 2, 'model__min_samples_split': 10, 'model__n_estimators': 200}",0.4216465634353837,0.42338871001034545,0.4229712633287699,0.427063314523763,0.42440145324075446,0.4238942609078033,0.0018143756530429492,39
915.960461807251,300.2777997102346,201.316792011261,100.90069364524817,30,2,10,300,"{'model__max_depth': 30, 'model__min_samples_leaf': 2, 'model__min_samples_split': 10, 'model__n_estimators': 300}",0.42209532012176737,0.4237303538293628,0.42413099843803675,,0.4243851585938463,,,71
339.5561607837677,2.9681772142426306,74.47811250686645,8.428419683472724,30,4,2,100,"{'model__max_depth': 30, 'model__min_samples_leaf': 4, 'model__min_samples_split': 2, 'model__n_estimators': 100}",0.4322620765213572,0.43176397667806393,0.43494849977702926,0.4357415066703106,0.43125807019785584,0.43319482596892334,0.0018016286277646734,34
712.1783909320832,5.587714671388464,164.76902689933777,7.50733301931846,30,4,2,200,"{'model__max_depth': 30, 'model__min_samples_leaf': 4, 'model__min_samples_split': 2, 'model__n_estimators': 200}",0.43279843438737403,0.4324879824783241,0.43383644945559735,0.4354805400291147,0.4315077043153896,0.4332222221331599,0.0013517063434401594,32
1060.029137992859,2.0919297246563526,269.0717359542847,40.67330120518208,30,4,2,300,"{'model__max_depth': 30, 'model__min_samples_leaf': 4, 'model__min_samples_split': 2, 'model__n_estimators': 300}",0.4311060918502944,,0.4338406148354541,0.4339578419292594,0.432319375910033,,,71
380.67851758003235,1.8193749807979238,64.21278443336487,3.2217408962370855,30,4,5,100,"{'model__max_depth': 30, 'model__min_samples_leaf': 4, 'model__min_samples_split': 5, 'model__n_estimators': 100}",0.4322620765213572,0.43176397667806393,0.43494849977702926,0.4357415066703106,0.43125807019785584,0.43319482596892334,0.0018016286277646734,34
722.3688776016236,7.874929092631413,151.11171360015868,10.380294883683025,30,4,5,200,"{'model__max_depth': 30, 'model__min_samples_leaf': 4, 'model__min_samples_split': 5, 'model__n_estimators': 200}",0.43279843438737403,0.4324879824783241,0.43383644945559735,0.4354805400291147,0.4315077043153896,0.4332222221331599,0.0013517063434401594,32
1037.619595146179,13.473634683465997,233.02256374359132,21.31407015773102,30,4,5,300,"{'model__max_depth': 30, 'model__min_samples_leaf': 4, 'model__min_samples_split': 5, 'model__n_estimators': 300}",0.4311060918502944,0.43147284231613964,0.4338406148354541,0.4339578419292594,0.432319375910033,0.43253935336823607,0.00117859795426551,36
352.793533039093,2.1176520348632146,59.051462173461914,8.76438807773762,30,4,10,100,"{'model__max_depth': 30, 'model__min_samples_leaf': 4, 'model__min_samples_split': 10, 'model__n_estimators': 100}",0.4378403883180682,0.4346220100714793,0.43609825946150504,0.4366864299018965,0.4364700015497746,0.43634341786054476,0.00103903307536037,27
671.2645497322083,4.248863448902733,127.41916384696961,9.831551357514698,30,4,10,200,"{'model__max_depth': 30, 'model__min_samples_leaf': 4, 'model__min_samples_split': 10, 'model__n_estimators': 200}",0.4366015082494892,0.43357820830241023,0.436767267068029,0.43812444504548137,0.43613517659368,0.4362413210518179,0.0014870068034072159,28
934.6293834686279,73.76650034180986,58.03349184989929,76.46447817863519,30,4,10,300,"{'model__max_depth': 30, 'model__min_samples_leaf': 4, 'model__min_samples_split': 10, 'model__n_estimators': 300}",0.437236728016898,,,,,,,71
364.1303584098816,29.190251952193393,60.67702317237854,74.33510813775169,,1,2,100,"{'model__max_depth': None, 'model__min_samples_leaf': 1, 'model__min_samples_split': 2, 'model__n_estimators': 100}",0.34856350216412585,,,,0.3463452727119536,,,71
671.483429813385,134.717542460993,175.08875713348388,143.18795363638708,,1,2,200,"{'model__max_depth': None, 'model__min_samples_leaf': 1, 'model__min_samples_split': 2, 'model__n_estimators': 200}",0.34527712851640474,0.34553336962529574,,,0.3429036357993727,,,71
397.43878107070924,207.42199143577872,0.0,0.0,,1,2,300,"{'model__max_depth': None, 'model__min_samples_leaf': 1, 'model__min_samples_split': 2, 'model__n_estimators': 300}",,,,,,,,71
357.9159308433533,26.78738004280758,107.99160242080688,55.27671343805866,,1,5,100,"{'model__max_depth': None, 'model__min_samples_leaf': 1, 'model__min_samples_split': 5, 'model__n_estimators': 100}",0.3763203110185022,0.37664401608126363,0.3757945914298306,0.3797264765353159,,,,71
527.7812956333161,115.76407216965296,39.62915530204773,79.25831060409546,,1,5,200,"{'model__max_depth': None, 'model__min_samples_leaf': 1, 'model__min_samples_split': 5, 'model__n_estimators': 200}",,,,0.37798118271420106,,,,71
482.9760078907013,251.2828177233755,0.0,0.0,,1,5,300,"{'model__max_depth': None, 'model__min_samples_leaf': 1, 'model__min_samples_split': 5, 'model__n_estimators': 300}",,,,,,,,71
282.08325519561765,51.7944148669404,0.0,0.0,,1,10,100,"{'model__max_depth': None, 'model__min_samples_leaf': 1, 'model__min_samples_split': 10, 'model__n_estimators': 100}",,,,,,,,71
158.50300960540773,39.01055569691592,0.0,0.0,,1,10,200,"{'model__max_depth': None, 'model__min_samples_leaf': 1, 'model__min_samples_split': 10, 'model__n_estimators': 200}",,,,,,,,71
434.88814306259155,462.86121442689904,35.798018026351926,71.59603605270385,,1,10,300,"{'model__max_depth': None, 'model__min_samples_leaf': 1, 'model__min_samples_split': 10, 'model__n_estimators': 300}",,,,,0.41040297421488603,,,71
157.15772018432617,188.55511557058344,36.11986989974976,44.23911406230099,,2,2,100,"{'model__max_depth': None, 'model__min_samples_leaf': 2, 'model__min_samples_split': 2, 'model__n_estimators': 100}",,,,0.39188687296673225,0.38932119817373095,,,71
714.5063728332519,55.40830034525388,61.2350094795227,75.01583104626644,,2,2,200,"{'model__max_depth': None, 'model__min_samples_leaf': 2, 'model__min_samples_split': 2, 'model__n_estimators': 200}",,0.3871132129962967,,0.3926723791749052,,,,71
955.4931646823883,276.8417242476151,211.61612310409546,172.87013780160032,,2,2,300,"{'model__max_depth': None, 'model__min_samples_leaf': 2, 'model__min_samples_split': 2, 'model__n_estimators': 300}",0.3857336527171788,0.3866736344414328,0.3871091138742986,,,,,71
387.3900315284729,1.492592276133392,82.37182850837708,4.088982583270236,,2,5,100,"{'model__max_depth': None, 'model__min_samples_leaf': 2, 'model__min_samples_split': 5, 'model__n_estimators': 100}",0.3941165564507663,0.3931395216121399,0.3928704463540889,0.39858520548946724,0.39452064333799264,0.394646474648891,0.0020608460111771363,42
525.5458588600159,124.20138219121795,27.66077446937561,55.32154893875122,,2,5,200,"{'model__max_depth': None, 'model__min_samples_leaf': 2, 'model__min_samples_split': 5, 'model__n_estimators': 200}",,,,0.39741491707362436,,,,71
871.0856310367584,253.7226694140959,62.82743611335754,125.65487222671509,,2,5,300,"{'model__max_depth': None, 'model__min_samples_leaf': 2, 'model__min_samples_split': 5, 'model__n_estimators': 300}",0.3915483404845417,,,,,,,71
287.14886956214906,91.57891776938149,17.91638054847717,21.55424741947046,,2,10,100,"{'model__max_depth': None, 'model__min_samples_leaf': 2, 'model__min_samples_split': 10, 'model__n_estimators': 100}",,,,0.4245142301229936,0.42305064713360824,,,71
640.9731845855713,125.4225908258549,74.29601068496704,60.75208739806433,,2,10,200,"{'model__max_depth': None, 'model__min_samples_leaf': 2, 'model__min_samples_split': 10, 'model__n_estimators': 200}",0.41860420195637155,0.4199082649380852,0.41871197443583724,,,,,71
664.6056861877441,481.94843560716265,70.98908944129944,58.426203474680236,,2,10,300,"{'model__max_depth': None, 'model__min_samples_leaf': 2, 'model__min_samples_split': 10, 'model__n_estimators': 300}",0.4187920763609911,0.42006483568052966,0.41913735947071373,,,,,71
315.8728750228882,90.41039236225986,40.77332167625427,20.49984531756113,,4,2,100,"{'model__max_depth': None, 'model__min_samples_leaf': 4, 'model__min_samples_split': 2, 'model__n_estimators': 100}",0.4329388961090144,0.4292347948739133,0.43164208114883157,,0.43213617242527347,,,71
417.5117428302765,339.67278276981426,85.34772086143494,70.50971071460255,,4,2,200,"{'model__max_depth': None, 'model__min_samples_leaf': 4, 'model__min_samples_split': 2, 'model__n_estimators': 200}",0.43066592433751966,0.42889694777130444,,0.43295525347820174,,,,71
844.5656865596771,210.51275272600486,37.151436710357665,18.59563828689876,,4,2,300,"{'model__max_depth': None, 'model__min_samples_leaf': 4, 'model__min_samples_split': 2, 'model__n_estimators': 300}",0.4307286857084061,,0.4300141821570886,0.43217399999753575,0.43238097016247146,,,71
355.29797797203065,3.306441069097968,58.8353289604187,6.091640997143162,,4,5,100,"{'model__max_depth': None, 'model__min_samples_leaf': 4, 'model__min_samples_split': 5, 'model__n_estimators': 100}",0.4329388961090144,0.4292347948739133,0.43164208114883157,0.4340010595101174,0.43213617242527347,0.43199060081343,0.00159237756614288,37
559.1447981357575,206.67887613954827,31.818683481216432,15.93198130234558,,4,5,200,"{'model__max_depth': None, 'model__min_samples_leaf': 4, 'model__min_samples_split': 5, 'model__n_estimators': 200}",0.43066592433751966,0.42889694777130444,0.4286882883296146,0.43295525347820174,,,,71
461.3688804626465,375.5756008225393,17.532162380218505,14.381970562603396,,4,5,300,"{'model__max_depth': None, 'model__min_samples_leaf': 4, 'model__min_samples_split': 5, 'model__n_estimators': 300}",0.4307286857084061,0.42890624524937854,,,0.43238097016247146,,,71
343.60508313179014,3.4072443292137162,37.60068187713623,5.171937978803085,,4,10,100,"{'model__max_depth': None, 'model__min_samples_leaf': 4, 'model__min_samples_split': 10, 'model__n_estimators': 100}",0.43203132450837956,0.4332566140822777,0.4349059353198596,0.43497093751205895,0.4365376349531484,0.43434048927514485,0.0015525250846968183,31
524.2854113578796,5.6888934777602005,21.202413749694824,0.4403561123690149,,4,10,200,"{'model__max_depth': None, 'model__min_samples_leaf': 4, 'model__min_samples_split': 10, 'model__n_estimators': 200}",0.4342089915481657,0.43362127425116487,0.43522539728414306,0.4342428144327804,0.4350615035213727,0.43447199620752536,0.0005933895245253564,30
578.7361044883728,33.39251008366246,19.237379455566405,1.2039410899124248,,4,10,300,"{'model__max_depth': None, 'model__min_samples_leaf': 4, 'model__min_samples_split': 10, 'model__n_estimators': 300}",0.43396832085572257,0.4333487794828022,0.4354783657400953,0.436516996108423,0.43454281005035184,0.434771054447479,0.001119637829602312,29
